dateStart,regionId,value,trees,energy
2015-01-01,5,1077.032,40927,9735.356
2015-02-01,5,856.557,32549,7919.688
2015-03-01,5,846.821,32179,7044.936
2015-04-01,5,651.401,24753,3453.3582
2015-05-01,5,561.009,21318,3763.4363
2015-06-01,5,549.503,20881,9830.121
2015-07-01,5,525.749,19978,9170.457
2015-08-01,5,569.638,21646,7808.791
2015-09-01,5,547.014,20786,7448.6523
2015-10-01,5,653.319,24826,5501.177
2015-11-01,5,754.773,28681,6606.182
2015-12-01,5,806.949,30664,8068.8584
2016-01-01,5,1122.755,42664,6507.8706
2016-02-01,5,892.921,33930,9264.634
2016-03-01,5,882.771,33545,8353.191
2016-04-01,5,679.055,25804,7431.899
2016-05-01,5,584.825,22223,5454.317
2016-06-01,5,572.831,21767,9323.085
2016-07-01,5,548.068,20826,8214.233
2016-08-01,5,593.821,22565,9766.003
2016-09-01,5,570.237,21668,4680.8657
2016-10-01,5,681.055,25880,9527.927
2016-11-01,5,786.815,29898,3465.0146
2016-12-01,5,841.207,31965,6419.236
2017-01-01,5,1066.554,40529,5024.0186
2017-02-01,5,848.224,32232,3193.6772
2017-03-01,5,838.582,31866,8304.877
2017-04-01,5,645.064,24512,8077.1523
2017-05-01,5,555.551,21110,6345.162
2017-06-01,5,544.157,20677,4962.4834
2017-07-01,5,520.634,19784,8091.7
2017-08-01,5,564.096,21435,4598.958
2017-09-01,5,541.692,20584,9219.406
2017-10-01,5,646.963,24584,6372.3677
2017-11-01,5,747.430,28402,4028.9812
2017-12-01,5,799.099,30365,4887.7153
2018-01-01,5,1103.189,41921,3344.7668
2018-02-01,5,877.360,33339,3141.1401
2018-03-01,5,867.386,32960,3104.852
2018-04-01,5,667.221,25354,4192.7544
2018-05-01,5,574.633,21836,7775.666
2018-06-01,5,562.848,21388,3255.0574
2018-07-01,5,538.517,20463,8683.406
2018-08-01,5,583.472,22171,9803.97
2018-09-01,5,560.299,21291,3544.682
2018-10-01,5,669.185,25429,4747.2124
2018-11-01,5,773.103,29377,7218.0254
2018-12-01,5,826.547,31408,7877.974
2019-01-01,5,1059.191,40249,6665.1973
2019-02-01,5,842.369,32010,8565.272
2019-03-01,5,832.794,31646,4094.4858
2019-04-01,5,640.611,24343,3135.0784
2019-05-01,5,551.716,20965,7905.0474
2019-06-01,5,540.400,20535,9161.604
2019-07-01,5,517.040,19647,7618.4697
2019-08-01,5,560.202,21287,8383.868
2019-09-01,5,537.953,20442,8087.4937
2019-10-01,5,642.497,24414,3390.946
2019-11-01,5,742.270,28206,5637.678
2019-12-01,5,793.582,30156,5266.6455
2015-01-01,3,697.609,26509,7010.7876
2015-02-01,3,554.804,21082,5971.7207
2015-03-01,3,548.498,20842,4233.089
2015-04-01,3,421.922,16033,7274.297
2015-05-01,3,363.373,13808,9381.33
2015-06-01,3,355.921,13524,4156.6836
2015-07-01,3,340.535,12940,4326.984
2015-08-01,3,368.963,14020,3953.1604
2015-09-01,3,354.309,13463,3427.8574
2015-10-01,3,423.164,16080,5367.0513
2015-11-01,3,488.877,18577,9937.21
2015-12-01,3,522.672,19861,4319.2427
2016-01-01,3,731.551,27798,7105.339
2016-02-01,3,581.798,22108,3371.36
2016-03-01,3,575.185,21857,7157.7163
2016-04-01,3,442.450,16813,3806.664
2016-05-01,3,381.053,14480,5007.18
2016-06-01,3,373.238,14183,8136.238
2016-07-01,3,357.103,13569,4764.758
2016-08-01,3,386.914,14702,5607.4707
2016-09-01,3,371.548,14118,8283.087
2016-10-01,3,443.753,16862,5740.8857
2016-11-01,3,512.663,19481,6636.227
2016-12-01,3,548.103,20827,9008.992
2017-01-01,3,699.109,26566,6007.3745
2017-02-01,3,555.997,21127,6730.503
2017-03-01,3,549.677,20887,4928.4272
2017-04-01,3,422.829,16067,9302.687
2017-05-01,3,364.155,13837,3558.724
2017-06-01,3,356.686,13554,6985.9966
2017-07-01,3,341.267,12968,6180.172
2017-08-01,3,369.756,14050,4024.9321
2017-09-01,3,355.071,13492,9657.359
2017-10-01,3,424.074,16114,5608.2583
2017-11-01,3,489.928,18617,3208.443
2017-12-01,3,523.796,19904,6695.5273
2018-01-01,3,727.515,27645,5759.316
2018-02-01,3,578.589,21986,9454.897
2018-03-01,3,572.012,21736,5822.9165
2018-04-01,3,440.010,16720,5843.6367
2018-05-01,3,378.951,14400,7529.9355
2018-06-01,3,371.179,14104,8825.751
2018-07-01,3,355.134,13495,8018.509
2018-08-01,3,384.780,14621,9953.74
2018-09-01,3,369.498,14040,7109.9463
2018-10-01,3,441.305,16769,9370.618
2018-11-01,3,509.835,19373,8405.675
2018-12-01,3,545.079,20713,4025.6448
2019-01-01,3,702.789,26705,7847.4287
2019-02-01,3,558.924,21239,8588.58
2019-03-01,3,552.571,20997,4207.5337
2019-04-01,3,425.055,16152,7722.8784
2019-05-01,3,366.071,13910,4097.6855
2019-06-01,3,358.564,13625,4302.9067
2019-07-01,3,343.064,13036,3190.973
2019-08-01,3,371.702,14124,5582.8477
2019-09-01,3,356.940,13563,3590.5066
2019-10-01,3,426.306,16199,3228.9414
2019-11-01,3,492.507,18715,3405.7307
2019-12-01,3,526.554,20009,3479.8694
2015-01-01,24,2191.160,83264,9730.513
2015-02-01,24,1742.618,66219,8204.53
2015-03-01,24,1722.809,65466,4581.03
2015-04-01,24,1325.239,50359,4468.744
2015-05-01,24,1141.340,43370,4031.2366
2015-06-01,24,1117.932,42481,4823.4287
2015-07-01,24,1069.606,40645,3473.6816
2015-08-01,24,1158.896,44038,6291.7964
2015-09-01,24,1112.869,42289,9687.297
2015-10-01,24,1329.141,50507,7101.7944
2015-11-01,24,1535.542,58350,8374.656
2015-12-01,24,1641.693,62384,5206.3315
2016-01-01,24,2288.789,86973,3061.5042
2016-02-01,24,1820.261,69169,5416.248
2016-03-01,24,1799.570,68383,7362.9634
2016-04-01,24,1384.286,52602,6382.2363
2016-05-01,24,1192.193,45303,9604.918
2016-06-01,24,1167.742,44374,7279.1577
2016-07-01,24,1117.263,42455,9746.256
2016-08-01,24,1210.532,46000,7930.974
2016-09-01,24,1162.454,44173,4437.868
2016-10-01,24,1388.361,52757,5562.6807
2016-11-01,24,1603.960,60950,8446.926
2016-12-01,24,1714.839,65163,4657.493
2017-01-01,24,2178.668,82789,7498.632
2017-02-01,24,1732.682,65841,7547.757
2017-03-01,24,1712.986,65093,4880.529
2017-04-01,24,1317.684,50071,3875.5942
2017-05-01,24,1134.833,43123,8813.953
2017-06-01,24,1111.558,42239,7657.641
2017-07-01,24,1063.508,40413,5130.2197
2017-08-01,24,1152.289,43786,6095.0806
2017-09-01,24,1106.525,42047,7061.7666
2017-10-01,24,1321.563,50219,8937.709
2017-11-01,24,1526.788,58017,4946.47
2017-12-01,24,1632.333,62028,4075.527
2018-01-01,24,2258.180,85810,9181.477
2018-02-01,24,1795.918,68244,4264.1777
2018-03-01,24,1775.503,67469,4295.6626
2018-04-01,24,1365.774,51899,7646.789
2018-05-01,24,1176.250,44697,7340.846
2018-06-01,24,1152.125,43780,8904.019
2018-07-01,24,1102.321,41888,8844.257
2018-08-01,24,1194.343,45385,6820.3867
2018-09-01,24,1146.908,43582,8090.993
2018-10-01,24,1369.794,52052,7406.7495
2018-11-01,24,1582.509,60135,9897.045
2018-12-01,24,1691.906,64292,6058.6836
2019-01-01,24,2172.686,82562,4032.2366
2019-02-01,24,1727.925,65661,5885.938
2019-03-01,24,1708.283,64914,8908.615
2019-04-01,24,1314.066,49934,7130.2847
2019-05-01,24,1131.717,43005,8773.462
2019-06-01,24,1108.506,42123,5544.136
2019-07-01,24,1060.588,40302,8756.459
2019-08-01,24,1149.125,43666,3760.3782
2019-09-01,24,1103.486,41932,4396.4062
2019-10-01,24,1317.934,50081,6809.636
2019-11-01,24,1522.596,57858,7502.264
2019-12-01,24,1627.851,61858,6283.7427
2015-01-01,2,2873.542,109194,4033.7244
2015-02-01,2,2285.311,86841,9686.815
2015-03-01,2,2259.334,85854,9374.754
2015-04-01,2,1737.951,66042,6725.929
2015-05-01,2,1496.782,56877,3535.8926
2015-06-01,2,1466.083,55711,3873.996
2015-07-01,2,1402.707,53302,3183.0303
2015-08-01,2,1519.805,57752,9174.651
2015-09-01,2,1459.444,55458,9536.987
2015-10-01,2,1743.068,66236,8873.65
2015-11-01,2,2013.748,76522,9313.708
2015-12-01,2,2152.956,81812,9958.6875
2016-01-01,2,2996.806,113878,4533.073
2016-02-01,2,2383.343,90567,7709.4067
2016-03-01,2,2356.251,89537,4878.222
2016-04-01,2,1812.503,68875,6025.6094
2016-05-01,2,1560.988,59317,7859.4033
2016-06-01,2,1528.973,58100,6972.7446
2016-07-01,2,1462.878,55589,6458.508
2016-08-01,2,1584.999,60229,3002.461
2016-09-01,2,1522.049,57837,5693.835
2016-10-01,2,1817.839,69077,8749.383
2016-11-01,2,2100.130,79804,8249.865
2016-12-01,2,2245.310,85321,6734.9873
2017-01-01,2,2848.025,108224,7423.8467
2017-02-01,2,2265.018,86070,6521.287
2017-03-01,2,2239.271,85092,3219.1323
2017-04-01,2,1722.519,65455,8631.326
2017-05-01,2,1483.490,56372,5893.2256
2017-06-01,2,1453.065,55216,6404.8564
2017-07-01,2,1390.252,52829,3184.3867
2017-08-01,2,1506.310,57239,8885.073
2017-09-01,2,1446.485,54966,9191.976
2017-10-01,2,1727.590,65648,3069.2517
2017-11-01,2,1995.866,75842,3479.2373
2017-12-01,2,2133.838,81085,8620.43
2018-01-01,2,2947.144,111991,3769.1992
2018-02-01,2,2343.847,89066,9380.986
2018-03-01,2,2317.204,88053,6090.3413
2018-04-01,2,1782.467,67733,6188.6245
2018-05-01,2,1535.120,58334,4733.6714
2018-06-01,2,1503.635,57138,6241.7783
2018-07-01,2,1438.636,54668,3851.126
2018-08-01,2,1558.733,59231,4250.1333
2018-09-01,2,1496.826,56879,3260.5283
2018-10-01,2,1787.714,67933,3226.3308
2018-11-01,2,2065.328,78482,7437.7803
2018-12-01,2,2208.101,83907,5901.181
2019-01-01,2,2830.869,107573,5044.9575
2019-02-01,2,2251.374,85552,7485.0938
2019-03-01,2,2225.782,84579,3545.4097
2019-04-01,2,1712.142,65061,5945.835
2019-05-01,2,1474.554,56033,4734.9956
2019-06-01,2,1444.312,54883,8954.219
2019-07-01,2,1381.877,52511,6722.849
2019-08-01,2,1497.236,56894,4476.487
2019-09-01,2,1437.771,54635,3235.4812
2019-10-01,2,1717.183,65252,5210.803
2019-11-01,2,1983.843,75386,9913.944
2019-12-01,2,2120.984,80597,7205.8174
2015-01-01,9,839.929,31917,4703.945
2015-02-01,9,667.991,25383,8326.179
2015-03-01,9,660.397,25095,7791.2134
2015-04-01,9,507.999,19303,5492.349
2015-05-01,9,437.505,16625,6956.659
2015-06-01,9,428.532,16284,3803.4036
2015-07-01,9,410.008,15580,4474.6387
2015-08-01,9,444.235,16880,6719.4644
2015-09-01,9,426.592,16210,7869.2935
2015-10-01,9,509.494,19360,3137.2468
2015-11-01,9,588.613,22367,3203.9004
2015-12-01,9,629.303,23913,4624.2983
2016-01-01,9,876.018,33288,5191.579
2016-02-01,9,696.693,26474,9705.865
2016-03-01,9,688.773,26173,3976.7344
2016-04-01,9,529.826,20133,4328.1885
2016-05-01,9,456.304,17339,7999.0947
2016-06-01,9,446.945,16983,8593.026
2016-07-01,9,427.625,16249,6079.1562
2016-08-01,9,463.323,17606,8194.373
2016-09-01,9,444.921,16907,8777.75
2016-10-01,9,531.386,20192,7548.113
2016-11-01,9,613.905,23328,9815.138
2016-12-01,9,656.343,24941,3231.4194
2017-01-01,9,832.585,31638,7877.749
2017-02-01,9,662.150,25161,6618.3115
2017-03-01,9,654.623,24875,7593.9126
2017-04-01,9,503.557,19135,6572.3877
2017-05-01,9,433.680,16479,4783.792
2017-06-01,9,424.786,16141,6033.2666
2017-07-01,9,406.423,15444,4852.4136
2017-08-01,9,440.351,16733,3589.9854
2017-09-01,9,422.862,16068,3326.9526
2017-10-01,9,505.040,19191,5687.1484
2017-11-01,9,583.467,22171,6078.447
2017-12-01,9,623.801,23704,7457.025
2018-01-01,9,861.622,32741,9611.171
2018-02-01,9,685.243,26039,7046.4717
2018-03-01,9,677.454,25743,4457.0186
2018-04-01,9,521.119,19802,9429.244
2018-05-01,9,448.805,17054,5043.479
2018-06-01,9,439.600,16704,5514.1494
2018-07-01,9,420.597,15982,3387.8452
2018-08-01,9,455.709,17316,4814.0845
2018-09-01,9,437.610,16629,8442.053
2018-10-01,9,522.653,19860,5201.171
2018-11-01,9,603.816,22944,9316.386
2018-12-01,9,645.557,24531,9494.296
2019-01-01,9,827.687,31452,5749.8916
2019-02-01,9,658.255,25013,9696.932
2019-03-01,9,650.773,24729,5983.8477
2019-04-01,9,500.595,19022,5999.2515
2019-05-01,9,431.129,16382,4404.3906
2019-06-01,9,422.287,16046,7787.659
2019-07-01,9,404.032,15353,3333.4314
2019-08-01,9,437.761,16634,6459.6367
2019-09-01,9,420.374,15974,4904.2734
2019-10-01,9,502.069,19078,7149.4995
2019-11-01,9,580.035,22041,6910.677
2019-12-01,9,620.132,23565,3342.7097
2015-01-01,19,842.553,32017,3575.3257
2015-02-01,19,670.078,25462,3838.7625
2015-03-01,19,662.461,25173,8665.105
2015-04-01,19,509.586,19364,9645.573
2015-05-01,19,438.872,16677,8965.072
2015-06-01,19,429.871,16335,5916.432
2015-07-01,19,411.289,15628,3598.4453
2015-08-01,19,445.623,16933,9222.958
2015-09-01,19,427.925,16261,8694.0
2015-10-01,19,511.086,19421,8777.49
2015-11-01,19,590.452,22437,8711.551
2015-12-01,19,631.269,23988,6143.7676
2016-01-01,19,884.690,33618,3957.156
2016-02-01,19,703.589,26736,8707.71
2016-03-01,19,695.591,26432,3177.7263
2016-04-01,19,535.071,20332,9407.162
2016-05-01,19,460.821,17511,5204.878
2016-06-01,19,451.369,17152,4861.4995
2016-07-01,19,431.858,16410,6614.488
2016-08-01,19,467.909,17780,4004.2407
2016-09-01,19,449.325,17074,3835.1704
2016-10-01,19,536.646,20392,3244.026
2016-11-01,19,619.981,23559,3738.8938
2016-12-01,19,662.840,25187,6185.3936
2017-01-01,19,846.553,32169,9002.659
2017-02-01,19,673.259,25583,5389.2163
2017-03-01,19,665.606,25293,5573.4043
2017-04-01,19,512.005,19456,4886.179
2017-05-01,19,440.956,16756,6890.289
2017-06-01,19,431.912,16412,7252.4326
2017-07-01,19,413.242,15703,4719.816
2017-08-01,19,447.739,17014,9576.096
2017-09-01,19,429.956,16338,8999.894
2017-10-01,19,513.513,19513,3382.4612
2017-11-01,19,593.256,22543,7038.1543
2017-12-01,19,634.267,24102,3324.8967
2018-01-01,19,882.097,33519,9196.457
2018-02-01,19,701.527,26658,6702.154
2018-03-01,19,693.553,26354,3355.4998
2018-04-01,19,533.503,20273,4630.122
2018-05-01,19,459.470,17459,3388.377
2018-06-01,19,450.047,17101,8210.416
2018-07-01,19,430.592,16362,5586.546
2018-08-01,19,466.538,17728,6517.286
2018-09-01,19,448.009,17024,8842.218
2018-10-01,19,535.073,20332,5620.4194
2018-11-01,19,618.165,23490,5873.2817
2018-12-01,19,660.897,25114,8610.691
2019-01-01,19,853.230,32422,8215.43
2019-02-01,19,678.569,25785,4369.7856
2019-03-01,19,670.855,25492,3045.5305
2019-04-01,19,516.043,19609,7278.1094
2019-05-01,19,444.434,16888,6444.213
2019-06-01,19,435.318,16542,8578.16
2019-07-01,19,416.500,15827,6867.154
2019-08-01,19,451.270,17148,4576.5957
2019-09-01,19,433.347,16467,9646.148
2019-10-01,19,517.562,19667,4385.984
2019-11-01,19,597.934,22721,3164.57
2019-12-01,19,639.269,24292,5569.469
2015-01-01,21,1180.946,44875,9188.462
2015-02-01,21,939.200,35689,3685.4053
2015-03-01,21,928.524,35283,4034.8252
2015-04-01,21,714.250,27141,8646.023
2015-05-01,21,615.136,23375,8032.722
2015-06-01,21,602.520,22895,5550.206
2015-07-01,21,576.474,21906,5899.7847
2015-08-01,21,624.598,23734,7755.805
2015-09-01,21,599.791,22792,5395.493
2015-10-01,21,716.353,27221,8686.228
2015-11-01,21,827.595,31448,5211.105
2015-12-01,21,884.805,33622,4968.315
2016-01-01,21,1230.079,46743,9661.921
2016-02-01,21,978.275,37174,4957.211
2016-03-01,21,967.155,36751,8117.4746
2016-04-01,21,743.966,28270,4486.76
2016-05-01,21,640.728,24347,4355.4497
2016-06-01,21,627.587,23848,6493.0864
2016-07-01,21,600.458,22817,7381.209
2016-08-01,21,650.584,24722,9181.0205
2016-09-01,21,624.745,23740,5801.8247
2016-10-01,21,746.156,28353,5058.6772
2016-11-01,21,862.027,32757,5275.6074
2016-12-01,21,921.617,35021,6860.2534
2017-01-01,21,1167.538,44366,6929.232
2017-02-01,21,928.536,35284,4250.399
2017-03-01,21,917.981,34883,6107.5776
2017-04-01,21,706.140,26833,4879.5854
2017-05-01,21,608.152,23109,8418.916
2017-06-01,21,595.679,22635,6696.959
2017-07-01,21,569.929,21657,4391.8633
2017-08-01,21,617.506,23465,5268.1206
2017-09-01,21,592.981,22533,5161.7974
2017-10-01,21,708.219,26912,3767.1958
2017-11-01,21,818.198,31091,4553.798
2017-12-01,21,874.759,33240,3377.0168
2018-01-01,21,1206.624,45851,3686.6025
2018-02-01,21,959.621,36465,9334.099
2018-03-01,21,948.713,36051,4356.839
2018-04-01,21,729.780,27731,4076.642
2018-05-01,21,628.511,23883,5903.694
2018-06-01,21,615.621,23393,8908.699
2018-07-01,21,589.009,22382,7039.2334
2018-08-01,21,638.179,24250,9780.87
2018-09-01,21,612.833,23287,8156.288
2018-10-01,21,731.929,27813,4940.9297
2018-11-01,21,845.590,32132,6400.9927
2018-12-01,21,904.044,34353,7044.321
2019-01-01,21,1157.509,43985,5186.929
2019-02-01,21,920.560,34981,8286.668
2019-03-01,21,910.096,34583,4807.9404
2019-04-01,21,700.075,26602,9164.901
2019-05-01,21,602.928,22911,8212.063
2019-06-01,21,590.562,22441,9761.126
2019-07-01,21,565.033,21471,7273.938
2019-08-01,21,612.202,23263,5129.249
2019-09-01,21,587.888,22339,9851.267
2019-10-01,21,702.136,26681,6338.35
2019-11-01,21,811.170,30824,5445.478
2019-12-01,21,867.245,32955,4362.731
2015-01-01,10,924.836,35143,6180.131
2015-02-01,10,735.517,27949,4915.025
2015-03-01,10,727.156,27631,6444.665
2015-04-01,10,559.351,21255,6088.401
2015-05-01,10,481.732,18305,8667.043
2015-06-01,10,471.852,17930,9633.899
2015-07-01,10,451.455,17155,5127.1978
2015-08-01,10,489.142,18587,5660.857
2015-09-01,10,469.715,17849,6214.036
2015-10-01,10,560.998,21317,8558.084
2015-11-01,10,648.115,24628,4381.2964
2015-12-01,10,692.919,26330,7021.206
2016-01-01,10,969.915,36856,6950.5996
2016-02-01,10,771.368,29311,3002.0764
2016-03-01,10,762.599,28978,7631.6094
2016-04-01,10,586.616,22291,7418.3687
2016-05-01,10,505.213,19198,5826.823
2016-06-01,10,494.851,18804,7058.804
2016-07-01,10,473.460,17991,5718.9624
2016-08-01,10,512.984,19493,8759.736
2016-09-01,10,492.610,18719,9418.422
2016-10-01,10,588.343,22357,7814.1055
2016-11-01,10,679.706,25828,6802.4146
2016-12-01,10,726.693,27614,9390.697
2017-01-01,10,926.981,35225,4691.186
2017-02-01,10,737.223,28014,6410.9683
2017-03-01,10,728.842,27696,7874.394
2017-04-01,10,560.649,21304,4757.8574
2017-05-01,10,482.849,18348,5776.084
2017-06-01,10,472.946,17971,8515.507
2017-07-01,10,452.502,17195,4892.8086
2017-08-01,10,490.277,18630,9284.754
2017-09-01,10,470.805,17890,9078.724
2017-10-01,10,562.299,21367,4845.035
2017-11-01,10,649.618,24685,6415.8257
2017-12-01,10,694.526,26391,4881.6895
2018-01-01,10,964.728,36659,8288.084
2018-02-01,10,767.243,29155,4245.765
2018-03-01,10,758.521,28823,7975.6323
2018-04-01,10,583.479,22172,6822.793
2018-05-01,10,502.511,19095,5059.3853
2018-06-01,10,492.205,18703,4353.5396
2018-07-01,10,470.928,17895,8246.801
2018-08-01,10,510.241,19389,9253.712
2018-09-01,10,489.976,18619,3324.6772
2018-10-01,10,585.196,22237,3135.6685
2018-11-01,10,676.071,25690,4352.9805
2018-12-01,10,722.807,27466,5342.351
2019-01-01,10,932.019,35416,8332.205
2019-02-01,10,741.229,28166,5595.333
2019-03-01,10,732.804,27846,3412.477
2019-04-01,10,563.696,21420,3052.8638
2019-05-01,10,485.474,18447,9631.782
2019-06-01,10,475.517,18069,9622.164
2019-07-01,10,454.961,17288,3648.8506
2019-08-01,10,492.941,18731,5709.5957
2019-09-01,10,473.363,17987,6308.4146
2019-10-01,10,565.355,21483,9393.516
2019-11-01,10,653.149,24819,9087.0205
2019-12-01,10,698.300,26535,9922.986
2015-01-01,16,1156.664,43953,3820.0742
2015-02-01,16,919.889,34955,7870.5776
2015-03-01,16,909.432,34558,6018.432
2015-04-01,16,699.564,26583,3073.4392
2015-05-01,16,602.488,22894,8818.033
2015-06-01,16,590.131,22424,7791.9014
2015-07-01,16,564.621,21455,7050.687
2015-08-01,16,611.755,23246,5391.9404
2015-09-01,16,587.459,22323,7319.343
2015-10-01,16,701.624,26661,9144.032
2015-11-01,16,810.578,30801,3657.6265
2015-12-01,16,866.613,32931,5737.7524
2016-01-01,16,1222.997,46473,5561.02
2016-02-01,16,972.643,36960,5384.8564
2016-03-01,16,961.587,36540,3715.1802
2016-04-01,16,739.683,28107,4453.7505
2016-05-01,16,637.040,24207,7794.2173
2016-06-01,16,623.974,23711,8709.921
2016-07-01,16,597.001,22686,6546.395
2016-08-01,16,646.839,24579,6179.025
2016-09-01,16,621.149,23603,8174.094
2016-10-01,16,741.861,28190,8385.362
2016-11-01,16,857.064,32568,9505.884
2016-12-01,16,916.312,34819,9216.119
2017-01-01,16,1178.414,44779,5767.35
2017-02-01,16,937.186,35613,7623.2676
2017-03-01,16,926.533,35208,9109.522
2017-04-01,16,712.719,27083,3986.8171
2017-05-01,16,613.817,23325,6534.305
2017-06-01,16,601.228,22846,4646.139
2017-07-01,16,575.238,21859,9159.561
2017-08-01,16,623.259,23683,8265.652
2017-09-01,16,598.505,22743,9946.152
2017-10-01,16,714.817,27163,4476.8286
2017-11-01,16,825.820,31381,5228.397
2017-12-01,16,882.908,33550,7254.3467
2018-01-01,16,1236.386,46982,6670.4565
2018-02-01,16,983.290,37365,8598.679
2018-03-01,16,972.113,36940,3246.108
2018-04-01,16,747.780,28415,4153.144
2018-05-01,16,644.013,24472,9499.176
2018-06-01,16,630.805,23970,3957.7656
2018-07-01,16,603.536,22934,6787.3955
2018-08-01,16,653.920,24848,3696.5522
2018-09-01,16,627.948,23862,4403.4697
2018-10-01,16,749.982,28499,8825.03
2018-11-01,16,866.446,32924,6972.9727
2018-12-01,16,926.342,35201,5151.2524
2019-01-01,16,1204.155,45757,9278.232
2019-02-01,16,957.657,36390,6800.75
2019-03-01,16,946.771,35977,8688.471
2019-04-01,16,728.287,27674,6522.9785
2019-05-01,16,627.225,23834,9586.785
2019-06-01,16,614.361,23345,7727.1763
2019-07-01,16,587.803,22336,6080.8086
2019-08-01,16,636.873,24201,3186.9316
2019-09-01,16,611.579,23239,5732.35
2019-10-01,16,730.431,27756,3477.331
2019-11-01,16,843.859,32066,6017.5312
2019-12-01,16,902.194,34283,8842.828
2015-01-01,18,655.706,24916,6567.8945
2015-02-01,18,521.479,19816,8508.853
2015-03-01,18,515.552,19590,4388.9775
2015-04-01,18,396.579,15069,3600.9395
2015-05-01,18,341.547,12978,7009.6553
2015-06-01,18,334.542,12712,9711.413
2015-07-01,18,320.080,12163,9796.211
2015-08-01,18,346.801,13178,4129.521
2015-09-01,18,333.027,12655,4242.0957
2015-10-01,18,397.746,15114,9434.651
2015-11-01,18,459.512,17461,5299.4863
2015-12-01,18,491.278,18668,6136.785
2016-01-01,18,682.438,25932,6493.2754
2016-02-01,18,542.739,20624,8660.691
2016-03-01,18,536.569,20389,9502.62
2016-04-01,18,412.746,15684,8022.111
2016-05-01,18,355.471,13507,8819.566
2016-06-01,18,348.180,13230,4081.243
2016-07-01,18,333.129,12658,9317.949
2016-08-01,18,360.939,13715,6311.447
2016-09-01,18,346.604,13170,9767.356
2016-10-01,18,413.961,15730,9353.883
2016-11-01,18,478.245,18173,7294.6714
2016-12-01,18,511.306,19429,4490.8916
2017-01-01,18,647.210,24593,6176.851
2017-02-01,18,514.722,19559,9045.58
2017-03-01,18,508.871,19337,6400.177
2017-04-01,18,391.440,14874,4070.2083
2017-05-01,18,337.121,12810,6759.289
2017-06-01,18,330.207,12547,5723.601
2017-07-01,18,315.933,12005,5619.5786
2017-08-01,18,342.307,13007,7144.551
2017-09-01,18,328.712,12491,7413.8496
2017-10-01,18,392.592,14918,9324.903
2017-11-01,18,453.558,17235,6682.9805
2017-12-01,18,484.912,18426,8377.961
2018-01-01,18,668.318,25396,6554.2383
2018-02-01,18,531.510,20197,7324.7134
2018-03-01,18,525.468,19967,6643.1113
2018-04-01,18,404.206,15359,8206.204
2018-05-01,18,348.116,13228,9987.407
2018-06-01,18,340.976,12957,7333.4165
2018-07-01,18,326.237,12396,7907.782
2018-08-01,18,353.471,13431,7149.3076
2018-09-01,18,339.432,12898,9128.064
2018-10-01,18,405.396,15405,6578.035
2018-11-01,18,468.350,17797,6682.216
2018-12-01,18,500.727,19027,9435.658
2019-01-01,18,640.569,24341,8542.598
2019-02-01,18,509.441,19358,6270.451
2019-03-01,18,503.650,19138,9595.636
2019-04-01,18,387.423,14722,6669.8213
2019-05-01,18,333.662,12679,6994.743
2019-06-01,18,326.819,12419,8129.19
2019-07-01,18,312.691,11882,5574.579
2019-08-01,18,338.794,12874,9025.245
2019-09-01,18,325.339,12362,9312.795
2019-10-01,18,388.564,14765,5304.987
2019-11-01,18,448.904,17058,3782.2402
2019-12-01,18,479.936,18237,8410.793
2015-01-01,23,1484.595,56414,6514.358
2015-02-01,23,1180.690,44866,9662.488
2015-03-01,23,1167.269,44356,3668.7407
2015-04-01,23,897.900,34120,9246.575
2015-05-01,23,773.302,29385,3709.6152
2015-06-01,23,757.442,28782,8791.3545
2015-07-01,23,724.699,27538,6871.5454
2015-08-01,23,785.197,29837,9889.819
2015-09-01,23,754.012,28652,4357.7764
2015-10-01,23,900.544,34220,7259.6714
2015-11-01,23,1040.389,39534,9868.344
2015-12-01,23,1112.309,42267,6375.544
2016-01-01,23,1548.473,58841,5473.851
2016-02-01,23,1231.491,46796,4480.975
2016-03-01,23,1217.493,46264,9916.543
2016-04-01,23,936.534,35588,5979.5713
2016-05-01,23,806.574,30649,3374.0981
2016-06-01,23,790.032,30021,9143.354
2016-07-01,23,755.880,28723,8914.113
2016-08-01,23,818.981,31121,3172.9456
2016-09-01,23,786.454,29885,5508.454
2016-10-01,23,939.291,35693,7444.971
2016-11-01,23,1085.153,41235,6385.8403
2016-12-01,23,1160.169,44086,3817.0854
2017-01-01,23,1471.783,55927,6856.964
2017-02-01,23,1170.501,44479,8395.02
2017-03-01,23,1157.196,43973,5837.1675
2017-04-01,23,890.152,33825,8948.033
2017-05-01,23,766.628,29131,8264.694
2017-06-01,23,750.905,28534,9172.505
2017-07-01,23,718.445,27300,6224.597
2017-08-01,23,778.421,29579,3215.929
2017-09-01,23,747.505,28405,8955.824
2017-10-01,23,892.772,33925,6987.4067
2017-11-01,23,1031.410,39193,8267.242
2017-12-01,23,1102.711,41902,7982.369
2018-01-01,23,1523.202,57881,7302.5635
2018-02-01,23,1211.394,46032,9059.672
2018-03-01,23,1197.624,45509,9768.439
2018-04-01,23,921.250,35007,8233.571
2018-05-01,23,793.411,30149,7728.2617
2018-06-01,23,777.139,29531,3221.1282
2018-07-01,23,743.545,28254,5029.4287
2018-08-01,23,805.616,30613,4841.3076
2018-09-01,23,773.620,29397,4396.5376
2018-10-01,23,923.962,35110,6253.813
2018-11-01,23,1067.444,40562,7818.926
2018-12-01,23,1141.235,43366,4296.3164
2019-01-01,23,1463.298,55605,6079.459
2019-02-01,23,1163.753,44222,3405.3748
2019-03-01,23,1150.524,43719,8213.024
2019-04-01,23,885.020,33630,4850.459
2019-05-01,23,762.209,28963,3307.7754
2019-06-01,23,746.576,28369,6568.066
2019-07-01,23,714.303,27143,5939.172
2019-08-01,23,773.933,29409,5034.1304
2019-09-01,23,743.195,28241,9584.905
2019-10-01,23,887.625,33729,8372.539
2019-11-01,23,1025.464,38967,3646.0767
2019-12-01,23,1096.353,41661,6764.473
2015-01-01,7,1697.315,64497,9093.8545
2015-02-01,7,1349.865,51294,9931.0205
2015-03-01,7,1334.521,50711,9778.219
2015-04-01,7,1026.556,39009,8727.719
2015-05-01,7,884.104,33595,3942.4358
2015-06-01,7,865.972,32906,4166.6064
2015-07-01,7,828.537,31484,6459.2275
2015-08-01,7,897.703,34112,9405.488
2015-09-01,7,862.050,32757,9577.141
2015-10-01,7,1029.578,39123,8586.312
2015-11-01,7,1189.461,45199,7982.746
2015-12-01,7,1271.687,48324,7020.184
2016-01-01,7,1780.221,67648,8549.702
2016-02-01,7,1415.800,53800,8995.159
2016-03-01,7,1399.706,53188,7172.4424
2016-04-01,7,1076.698,40914,7798.5913
2016-05-01,7,927.288,35236,8342.878
2016-06-01,7,908.270,34514,7006.9907
2016-07-01,7,869.007,33022,5004.72
2016-08-01,7,941.552,35778,8295.623
2016-09-01,7,904.157,34357,3453.1592
2016-10-01,7,1079.868,41034,6284.831
2016-11-01,7,1247.560,47407,8488.22
2016-12-01,7,1333.803,50684,5081.6294
2017-01-01,7,1701.585,64660,5388.101
2017-02-01,7,1353.261,51423,6239.5293
2017-03-01,7,1337.878,50839,3863.566
2017-04-01,7,1029.139,39107,4876.9897
2017-05-01,7,886.328,33680,4664.67
2017-06-01,7,868.150,32989,8430.065
2017-07-01,7,830.622,31563,4724.8843
2017-08-01,7,899.962,34198,5216.718
2017-09-01,7,864.219,32840,5292.454
2017-10-01,7,1032.168,39222,9142.288
2017-11-01,7,1192.453,45313,8671.469
2017-12-01,7,1274.886,48445,3945.5835
2018-01-01,7,1771.049,67299,4591.8174
2018-02-01,7,1408.505,53523,7575.0117
2018-03-01,7,1392.495,52914,9573.538
2018-04-01,7,1071.151,40703,9280.79
2018-05-01,7,922.511,35055,8532.016
2018-06-01,7,903.591,34336,6733.3022
2018-07-01,7,864.530,32852,6480.3853
2018-08-01,7,936.701,35594,5834.497
2018-09-01,7,899.499,34180,7078.0186
2018-10-01,7,1074.305,40823,5518.4087
2018-11-01,7,1241.133,47163,8612.284
2018-12-01,7,1326.931,50423,4862.5317
2019-01-01,7,1711.171,65024,6307.23
2019-02-01,7,1360.885,51713,5612.226
2019-03-01,7,1345.415,51125,8759.372
2019-04-01,7,1034.936,39327,4098.3716
2019-05-01,7,891.322,33870,3298.5347
2019-06-01,7,873.041,33175,8581.297
2019-07-01,7,835.301,31741,8761.303
2019-08-01,7,905.032,34391,9843.041
2019-09-01,7,869.088,33025,8006.0195
2019-10-01,7,1037.983,39443,4171.2734
2019-11-01,7,1199.171,45568,3560.8093
2019-12-01,7,1282.068,48718,6511.801
2015-01-01,13,778.669,29589,9508.473
2015-02-01,13,619.271,23532,8027.4053
2015-03-01,13,612.231,23264,8612.381
2015-04-01,13,470.948,17896,9587.564
2015-05-01,13,405.596,15412,6173.1934
2015-06-01,13,397.277,15096,9060.012
2015-07-01,13,380.104,14443,7184.1313
2015-08-01,13,411.835,15649,7898.7285
2015-09-01,13,395.478,15028,9388.868
2015-10-01,13,472.334,17948,3376.0564
2015-11-01,13,545.683,20735,9316.48
2015-12-01,13,583.405,22169,6325.6406
2016-01-01,13,812.104,30859,9607.232
2016-02-01,13,645.861,24542,3118.8352
2016-03-01,13,638.520,24263,6895.6396
2016-04-01,13,491.170,18664,8445.186
2016-05-01,13,423.012,16074,9486.944
2016-06-01,13,414.336,15744,8697.428
2016-07-01,13,396.425,15064,5462.953
2016-08-01,13,429.519,16321,9247.016
2016-09-01,13,412.460,15673,3955.5493
2016-10-01,13,492.616,18719,8745.981
2016-11-01,13,569.114,21626,8013.008
2016-12-01,13,608.456,23121,4897.705
2017-01-01,13,771.817,29329,4996.6475
2017-02-01,13,613.822,23325,4730.0234
2017-03-01,13,606.844,23060,9133.98
2017-04-01,13,466.804,17738,5590.647
2017-05-01,13,402.027,15277,8929.313
2017-06-01,13,393.782,14963,7412.914
2017-07-01,13,376.759,14316,8413.062
2017-08-01,13,408.211,15512,9799.766
2017-09-01,13,391.999,14895,4875.541
2017-10-01,13,468.178,17790,4410.1875
2017-11-01,13,540.881,20553,8067.843
2017-12-01,13,578.272,21974,3754.1677
2018-01-01,13,798.712,30351,4008.9446
2018-02-01,13,635.211,24138,9792.934
2018-03-01,13,627.990,23863,5271.4316
2018-04-01,13,483.070,18356,8668.601
2018-05-01,13,416.036,15809,8044.161
2018-06-01,13,407.503,15485,9153.519
2018-07-01,13,389.888,14815,5614.6055
2018-08-01,13,422.436,16052,3201.1301
2018-09-01,13,405.658,15415,7261.353
2018-10-01,13,484.492,18410,5717.8477
2018-11-01,13,559.729,21269,7592.6763
2018-12-01,13,598.422,22740,4764.7188
2019-01-01,13,767.232,29154,6163.925
2019-02-01,13,610.175,23186,5978.01
2019-03-01,13,603.239,22923,4917.822
2019-04-01,13,464.031,17633,6693.392
2019-05-01,13,399.639,15186,5640.0356
2019-06-01,13,391.443,14874,7927.5513
2019-07-01,13,374.521,14231,8839.458
2019-08-01,13,405.786,15419,8856.488
2019-09-01,13,389.670,14807,6239.6826
2019-10-01,13,465.397,17685,3308.776
2019-11-01,13,537.668,20431,4505.8384
2019-12-01,13,574.837,21843,3125.9756
2015-01-01,6,1602.743,60904,3889.112
2015-02-01,6,1274.653,48436,6327.3564
2015-03-01,6,1260.163,47886,8719.378
2015-04-01,6,969.358,36835,8132.112
2015-05-01,6,834.843,31724,5043.011
2015-06-01,6,817.721,31073,7054.2026
2015-07-01,6,782.372,29730,4226.305
2015-08-01,6,847.685,32212,4991.7495
2015-09-01,6,814.018,30932,5922.398
2015-10-01,6,972.211,36944,8217.921
2015-11-01,6,1123.186,42681,6938.0605
2015-12-01,6,1200.830,45631,6161.347
2016-01-01,6,1681.785,63907,3102.3423
2016-02-01,6,1337.514,50825,8293.358
2016-03-01,6,1322.310,50247,8207.477
2016-04-01,6,1017.163,38652,9253.28
2016-05-01,6,876.015,33288,3298.6074
2016-06-01,6,858.048,32605,5712.6094
2016-07-01,6,820.956,31196,5477.072
2016-08-01,6,889.490,33800,3559.322
2016-09-01,6,854.162,32458,7756.013
2016-10-01,6,1020.157,38765,6664.5234
2016-11-01,6,1178.577,44785,6279.9062
2016-12-01,6,1260.051,47881,4149.184
2017-01-01,6,1608.222,61112,5163.782
2017-02-01,6,1279.010,48602,7307.145
2017-03-01,6,1264.471,48049,8705.278
2017-04-01,6,972.671,36961,7754.7705
2017-05-01,6,837.697,31832,4514.3447
2017-06-01,6,820.516,31179,4294.6685
2017-07-01,6,785.047,29831,8042.113
2017-08-01,6,850.582,32322,6212.3438
2017-09-01,6,816.800,31038,5782.0356
2017-10-01,6,975.535,37070,6316.382
2017-11-01,6,1127.025,42826,5382.2363
2017-12-01,6,1204.935,45787,8015.0522
2018-01-01,6,1674.632,63636,3726.8286
2018-02-01,6,1331.825,50609,4859.7344
2018-03-01,6,1316.686,50034,9503.836
2018-04-01,6,1012.837,38487,8527.311
2018-05-01,6,872.289,33146,4525.7114
2018-06-01,6,854.399,32467,5643.049
2018-07-01,6,817.465,31063,9362.197
2018-08-01,6,885.706,33656,7630.2837
2018-09-01,6,850.529,32320,5300.5264
2018-10-01,6,1015.818,38601,5115.553
2018-11-01,6,1173.564,44595,4990.4487
2018-12-01,6,1254.692,47678,3004.2551
2019-01-01,6,1618.748,61512,5946.045
2019-02-01,6,1287.382,48920,3093.309
2019-03-01,6,1272.748,48364,6557.3335
2019-04-01,6,979.038,37203,3908.9377
2019-05-01,6,843.180,32040,5965.771
2019-06-01,6,825.887,31383,9989.254
2019-07-01,6,790.185,30027,4742.1436
2019-08-01,6,856.150,32533,3196.7974
2019-09-01,6,822.147,31241,6295.4243
2019-10-01,6,981.920,37312,4203.9766
2019-11-01,6,1134.402,43107,7468.7773
2019-12-01,6,1212.822,46087,4387.2456
2015-01-01,4,968.913,36818,7335.26
2015-02-01,4,770.571,29281,6071.0005
2015-03-01,4,761.812,28948,6391.467
2015-04-01,4,586.010,22268,9941.068
2015-05-01,4,504.691,19178,9622.348
2015-06-01,4,494.340,18784,5296.2324
2015-07-01,4,472.971,17972,7344.056
2015-08-01,4,512.454,19473,8404.749
2015-09-01,4,492.102,18699,5752.645
2015-10-01,4,587.735,22333,5095.9004
2015-11-01,4,679.004,25802,3252.808
2015-12-01,4,725.943,27585,3843.3406
2016-01-01,4,1009.598,38364,6310.16
2016-02-01,4,802.927,30511,3220.6887
2016-03-01,4,793.800,30164,7769.5312
2016-04-01,4,610.616,23203,3948.3481
2016-05-01,4,525.883,19983,9676.699
2016-06-01,4,515.098,19573,4755.9326
2016-07-01,4,492.831,18727,9107.435
2016-08-01,4,533.972,20290,8393.576
2016-09-01,4,512.765,19485,9680.679
2016-10-01,4,612.414,23271,6008.6396
2016-11-01,4,707.515,26885,3256.425
2016-12-01,4,756.425,28744,3417.186
2017-01-01,4,958.627,36427,6097.1655
2017-02-01,4,762.391,28970,9931.733
2017-03-01,4,753.724,28641,3917.6633
2017-04-01,4,579.789,22031,3232.2332
2017-05-01,4,499.333,18974,3033.7878
2017-06-01,4,489.092,18585,6394.346
2017-07-01,4,467.950,17782,6129.035
2017-08-01,4,507.014,19266,3710.7114
2017-09-01,4,486.877,18501,9228.372
2017-10-01,4,581.496,22096,7184.092
2017-11-01,4,671.796,25528,7653.7607
2017-12-01,4,718.236,27292,7847.6753
2018-01-01,4,991.099,37661,8244.1
2018-02-01,4,788.216,29952,7923.198
2018-03-01,4,779.256,29611,9773.726
2018-04-01,4,599.428,22778,9792.2705
2018-05-01,4,516.248,19617,4476.7183
2018-06-01,4,505.660,19215,4094.985
2018-07-01,4,483.801,18384,8167.176
2018-08-01,4,524.189,19919,6731.529
2018-09-01,4,503.370,19128,5785.782
2018-10-01,4,601.193,22845,6110.5933
2018-11-01,4,694.552,26392,9057.291
2018-12-01,4,742.565,28217,3630.566
2019-01-01,4,951.127,36142,8428.113
2019-02-01,4,756.426,28744,8798.017
2019-03-01,4,747.828,28417,9793.687
2019-04-01,4,575.253,21859,4769.328
2019-05-01,4,495.427,18826,4806.6387
2019-06-01,4,485.266,18440,3866.384
2019-07-01,4,464.289,17642,9473.289
2019-08-01,4,503.048,19115,8171.326
2019-09-01,4,483.069,18356,5351.4688
2019-10-01,4,576.946,21923,8788.083
2019-11-01,4,666.540,25328,9120.062
2019-12-01,4,712.617,27079,6393.798
2015-01-01,14,776.736,29515,3622.537
2015-02-01,14,617.734,23473,9149.73
2015-03-01,14,610.712,23207,7324.9297
2015-04-01,14,469.779,17851,5741.5347
2015-05-01,14,404.589,15374,5464.342
2015-06-01,14,396.291,15059,9850.12
2015-07-01,14,379.161,14408,7097.828
2015-08-01,14,410.813,15610,7778.113
2015-09-01,14,394.497,14990,9753.283
2015-10-01,14,471.162,17904,6569.2026
2015-11-01,14,544.329,20684,9003.121
2015-12-01,14,581.957,22114,4038.5564
2016-01-01,14,815.166,30976,9956.81
2016-02-01,14,648.297,24635,8696.775
2016-03-01,14,640.928,24355,7437.745
2016-04-01,14,493.022,18734,9096.478
2016-05-01,14,424.607,16135,3371.0295
2016-06-01,14,415.899,15804,8392.982
2016-07-01,14,397.920,15120,5168.2603
2016-08-01,14,431.138,16383,5606.508
2016-09-01,14,414.015,15732,5519.685
2016-10-01,14,494.474,18789,5654.85
2016-11-01,14,571.260,21707,8968.562
2016-12-01,14,610.751,23208,6629.373
2017-01-01,14,779.630,29625,9782.313
2017-02-01,14,620.035,23561,5184.0024
2017-03-01,14,612.987,23293,6394.369
2017-04-01,14,471.529,17918,9452.216
2017-05-01,14,406.096,15431,7873.156
2017-06-01,14,397.768,15115,4490.342
2017-07-01,14,380.573,14461,8393.672
2017-08-01,14,412.343,15669,3240.8152
2017-09-01,14,395.966,15046,7314.8228
2017-10-01,14,472.917,17970,9024.864
2017-11-01,14,546.356,20761,3584.16
2017-12-01,14,584.125,22196,7203.1084
2018-01-01,14,811.948,30854,7541.9434
2018-02-01,14,645.738,24538,4211.955
2018-03-01,14,638.398,24259,3629.2473
2018-04-01,14,491.076,18660,7504.9595
2018-05-01,14,422.931,16071,7729.976
2018-06-01,14,414.257,15741,6047.3877
2018-07-01,14,396.349,15061,5213.6353
2018-08-01,14,429.436,16318,7959.375
2018-09-01,14,412.381,15670,8873.082
2018-10-01,14,492.521,18715,3442.9
2018-11-01,14,569.005,21622,3657.4485
2018-12-01,14,608.339,23116,7509.4087
2019-01-01,14,784.974,29829,4032.4155
2019-02-01,14,624.285,23722,7731.6304
2019-03-01,14,617.189,23453,4214.808
2019-04-01,14,474.761,18040,8742.754
2019-05-01,14,408.880,15537,5042.3984
2019-06-01,14,400.494,15218,4700.837
2019-07-01,14,383.182,14560,3578.3022
2019-08-01,14,415.170,15776,5112.561
2019-09-01,14,398.681,15149,7297.506
2019-10-01,14,476.159,18094,7189.2173
2019-11-01,14,550.101,20903,9055.136
2019-12-01,14,588.129,22348,4194.276
2015-01-01,15,751.198,28545,6545.8027
2015-02-01,15,597.423,22702,7675.808
2015-03-01,15,590.632,22444,4293.8433
2015-04-01,15,454.333,17264,9182.336
2015-05-01,15,391.287,14868,3887.9326
2015-06-01,15,383.262,14563,5395.8306
2015-07-01,15,366.694,13934,9322.269
2015-08-01,15,397.306,15097,4923.3135
2015-09-01,15,381.526,14497,4421.4673
2015-10-01,15,455.671,17315,3345.9968
2015-11-01,15,526.432,20004,4008.115
2015-12-01,15,562.823,21387,7093.637
2016-01-01,15,781.723,29705,9180.491
2016-02-01,15,621.700,23624,8087.702
2016-03-01,15,614.633,23356,6872.698
2016-04-01,15,472.795,17966,7660.2866
2016-05-01,15,407.187,15473,3198.9995
2016-06-01,15,398.836,15155,3521.1602
2016-07-01,15,381.595,14500,9476.618
2016-08-01,15,413.450,15711,5511.8804
2016-09-01,15,397.029,15087,3674.1628
2016-10-01,15,474.187,18019,7786.949
2016-11-01,15,547.823,20817,7352.908
2016-12-01,15,585.693,22256,9115.354
2017-01-01,15,741.273,28168,8321.698
2017-02-01,15,589.530,22402,9153.58
2017-03-01,15,582.829,22147,4688.8047
2017-04-01,15,448.330,17036,9239.938
2017-05-01,15,386.117,14672,8100.577
2017-06-01,15,378.198,14371,9170.598
2017-07-01,15,361.849,13750,8651.609
2017-08-01,15,392.056,14898,3195.4456
2017-09-01,15,376.485,14306,8537.986
2017-10-01,15,449.650,17086,4506.373
2017-11-01,15,519.476,19740,5417.2104
2017-12-01,15,555.387,21104,4655.85
2018-01-01,15,765.348,29083,9907.9375
2018-02-01,15,608.677,23129,3748.1436
2018-03-01,15,601.758,22866,3591.666
2018-04-01,15,462.891,17589,7981.9814
2018-05-01,15,398.657,15148,9508.113
2018-06-01,15,390.481,14838,3019.0088
2018-07-01,15,373.601,14196,7816.8213
2018-08-01,15,404.789,15381,9018.623
2018-09-01,15,388.713,14771,8239.523
2018-10-01,15,464.254,17641,4562.485
2018-11-01,15,536.348,20381,8920.3
2018-12-01,15,573.425,21790,9621.603
2019-01-01,15,733.470,27871,8622.226
2019-02-01,15,583.325,22166,4459.8706
2019-03-01,15,576.694,21914,5008.259
2019-04-01,15,443.611,16857,3669.4917
2019-05-01,15,382.053,14518,5277.853
2019-06-01,15,374.217,14220,8379.076
2019-07-01,15,358.040,13605,8406.163
2019-08-01,15,387.929,14741,6032.283
2019-09-01,15,372.522,14155,5775.8906
2019-10-01,15,444.917,16906,4705.714
2019-11-01,15,514.008,19532,9328.395
2019-12-01,15,549.541,20882,4905.9634
2015-01-01,12,715.613,27193,4575.5957
2015-02-01,12,569.123,21626,6578.149
2015-03-01,12,562.654,21380,7601.8804
2015-04-01,12,432.811,16446,6077.149
2015-05-01,12,372.751,14164,6599.181
2015-06-01,12,365.106,13874,5237.858
2015-07-01,12,349.323,13274,5681.9683
2015-08-01,12,378.485,14382,3055.996
2015-09-01,12,363.453,13811,8744.341
2015-10-01,12,434.085,16495,6714.8364
2015-11-01,12,501.494,19056,7580.6533
2015-12-01,12,536.162,20374,9608.353
2016-01-01,12,747.690,28412,4385.3936
2016-02-01,12,594.634,22596,6194.956
2016-03-01,12,587.874,22339,8177.8213
2016-04-01,12,452.212,17184,6029.6562
2016-05-01,12,389.460,14799,3622.3035
2016-06-01,12,381.472,14495,7462.052
2016-07-01,12,364.982,13869,7705.514
2016-08-01,12,395.451,15027,9533.348
2016-09-01,12,379.745,14430,5715.52
2016-10-01,12,453.543,17234,3572.1924
2016-11-01,12,523.974,19910,8983.323
2016-12-01,12,560.195,21287,5375.5986
2017-01-01,12,711.902,27052,8792.073
2017-02-01,12,566.172,21514,4400.961
2017-03-01,12,559.736,21269,9239.827
2017-04-01,12,430.567,16361,9805.913
2017-05-01,12,370.818,14091,5524.542
2017-06-01,12,363.213,13802,5906.7427
2017-07-01,12,347.512,13205,9080.601
2017-08-01,12,376.522,14307,6619.713
2017-09-01,12,361.568,13739,3069.4868
2017-10-01,12,431.834,16409,7873.8955
2017-11-01,12,498.894,18957,7357.6377
2017-12-01,12,533.382,20268,5994.253
2018-01-01,12,738.079,28046,8105.657
2018-02-01,12,586.990,22305,3539.3477
2018-03-01,12,580.317,22052,7358.144
2018-04-01,12,446.398,16963,8413.274
2018-05-01,12,384.453,14609,4334.726
2018-06-01,12,376.568,14309,6864.5454
2018-07-01,12,360.290,13691,9862.447
2018-08-01,12,390.367,14833,9828.539
2018-09-01,12,374.863,14244,3298.528
2018-10-01,12,447.713,17013,7291.84
2018-11-01,12,517.238,19655,8221.409
2018-12-01,12,552.994,21013,5767.954
2019-01-01,12,710.325,26992,3826.7395
2019-02-01,12,564.918,21466,3620.2825
2019-03-01,12,558.496,21222,3673.024
2019-04-01,12,429.613,16325,4880.222
2019-05-01,12,369.997,14059,4857.6406
2019-06-01,12,362.408,13771,9150.47
2019-07-01,12,346.742,13176,4655.9834
2019-08-01,12,375.688,14276,3405.023
2019-09-01,12,360.767,13709,9772.068
2019-10-01,12,430.878,16373,7481.4497
2019-11-01,12,497.788,18915,8884.834
2019-12-01,12,532.200,20223,9275.464
2015-01-01,17,1826.630,69411,7746.8755
2015-02-01,17,1452.708,55202,6294.8745
2015-03-01,17,1436.195,54575,7426.926
2015-04-01,17,1104.767,41981,5996.094
2015-05-01,17,951.462,36155,8969.181
2015-06-01,17,931.948,35414,4132.468
2015-07-01,17,891.662,33883,4965.689
2015-08-01,17,966.097,36711,3095.0286
2015-09-01,17,927.728,35253,9856.383
2015-10-01,17,1108.019,42104,7562.53
2015-11-01,17,1280.083,48643,3847.8723
2015-12-01,17,1368.574,52005,9822.755
2016-01-01,17,1909.486,72560,6699.408
2016-02-01,17,1518.603,57706,9239.598
2016-03-01,17,1501.341,57050,5394.1997
2016-04-01,17,1154.879,43885,4862.986
2016-05-01,17,994.620,37795,7387.8438
2016-06-01,17,974.221,37020,6188.534
2016-07-01,17,932.107,35420,4303.4927
2016-08-01,17,1009.920,38376,8132.4194
2016-09-01,17,969.809,36852,6085.5693
2016-10-01,17,1158.279,44014,9190.205
2016-11-01,17,1338.148,50849,5799.6426
2016-12-01,17,1430.652,54364,9276.559
2017-01-01,17,1819.030,69123,7904.237
2017-02-01,17,1446.664,54973,9410.566
2017-03-01,17,1430.219,54348,7458.9043
2017-04-01,17,1100.170,41806,3217.7625
2017-05-01,17,947.503,36005,6769.3823
2017-06-01,17,928.070,35266,6398.371
2017-07-01,17,887.952,33742,8411.814
2017-08-01,17,962.078,36558,4079.468
2017-09-01,17,923.868,35106,8790.173
2017-10-01,17,1103.409,41929,7278.8584
2017-11-01,17,1274.757,48440,3839.6255
2017-12-01,17,1362.879,51789,5997.059
2018-01-01,17,1886.902,71702,6528.7603
2018-02-01,17,1500.643,57024,3391.6885
2018-03-01,17,1483.585,56376,5379.4844
2018-04-01,17,1141.220,43366,5731.1123
2018-05-01,17,982.857,37348,9618.916
2018-06-01,17,962.699,36582,9761.028
2018-07-01,17,921.084,35001,6215.6685
2018-08-01,17,997.975,37923,5622.7915
2018-09-01,17,958.340,36416,5206.0786
2018-10-01,17,1144.580,43494,6644.0957
2018-11-01,17,1322.322,50248,8266.027
2018-12-01,17,1413.732,53721,6273.9297
2019-01-01,17,1816.912,69042,9672.175
2019-02-01,17,1444.980,54909,9981.623
2019-03-01,17,1428.555,54285,5973.365
2019-04-01,17,1098.890,41757,5395.853
2019-05-01,17,946.400,35963,5068.5083
2019-06-01,17,926.990,35225,6869.5835
2019-07-01,17,886.918,33702,9780.839
2019-08-01,17,960.958,36516,5551.287
2019-09-01,17,922.792,35066,6608.7534
2019-10-01,17,1102.125,41880,6186.2017
2019-11-01,17,1273.273,48384,8408.52
2019-12-01,17,1361.293,51729,6012.703
2015-01-01,1,714.155,27137,3471.5151
2015-02-01,1,567.963,21582,6241.623
2015-03-01,1,561.507,21337,3555.1226
2015-04-01,1,431.929,16413,3678.233
2015-05-01,1,371.992,14135,7028.168
2015-06-01,1,364.362,13845,6769.82
2015-07-01,1,348.612,13247,7624.475
2015-08-01,1,377.714,14353,7922.8105
2015-09-01,1,362.712,13783,3446.6106
2015-10-01,1,433.201,16461,3753.1582
2015-11-01,1,500.472,19017,7520.6406
2015-12-01,1,535.069,20332,5417.467
2016-01-01,1,744.921,28306,5425.31
2016-02-01,1,592.431,22512,7459.74
2016-03-01,1,585.697,22256,8468.7
2016-04-01,1,450.537,17120,8323.73
2016-05-01,1,388.017,14744,6584.4546
2016-06-01,1,380.059,14442,5682.0044
2016-07-01,1,363.630,13817,3200.0278
2016-08-01,1,393.986,14971,5862.863
2016-09-01,1,378.338,14376,8782.257
2016-10-01,1,451.863,17170,8492.231
2016-11-01,1,522.033,19837,8691.4795
2016-12-01,1,558.120,21208,5071.1636
2017-01-01,1,708.065,26906,3334.3982
2017-02-01,1,563.120,21398,3876.5017
2017-03-01,1,556.719,21155,5967.2583
2017-04-01,1,428.246,16273,5582.8936
2017-05-01,1,368.820,14015,3793.3245
2017-06-01,1,361.255,13727,8373.284
2017-07-01,1,345.639,13134,3260.3008
2017-08-01,1,374.493,14230,7531.33
2017-09-01,1,359.619,13665,5591.566
2017-10-01,1,429.507,16321,6326.259
2017-11-01,1,496.205,18855,7086.8584
2017-12-01,1,530.507,20159,7126.3
2018-01-01,1,732.841,27847,3469.4507
2018-02-01,1,582.825,22147,3563.0967
2018-03-01,1,576.199,21895,4513.547
2018-04-01,1,443.231,16842,7153.0156
2018-05-01,1,381.725,14505,7192.5664
2018-06-01,1,373.896,14208,3232.8413
2018-07-01,1,357.733,13593,6090.4644
2018-08-01,1,387.597,14728,9542.342
2018-09-01,1,372.203,14143,3618.007
2018-10-01,1,444.536,16892,4174.1724
2018-11-01,1,513.568,19515,3587.064
2018-12-01,1,549.070,20864,9286.623
2019-01-01,1,704.058,26754,4690.9287
2019-02-01,1,559.934,21277,5545.2363
2019-03-01,1,553.569,21035,3799.31
2019-04-01,1,425.823,16181,5317.99
2019-05-01,1,366.733,13935,3444.1313
2019-06-01,1,359.211,13650,7522.8696
2019-07-01,1,343.683,13059,3297.22
2019-08-01,1,372.374,14150,5527.58
2019-09-01,1,357.585,13588,9533.354
2019-10-01,1,427.076,16228,7674.95
2019-11-01,1,493.397,18749,3051.2485
2019-12-01,1,527.505,20045,6884.382
2015-01-01,20,870.213,33068,8269.676
2015-02-01,20,692.076,26298,6124.251
2015-03-01,20,684.209,25999,9414.035
2015-04-01,20,526.315,19999,5611.4375
2015-05-01,20,453.280,17224,5507.882
2015-06-01,20,443.983,16871,7855.572
2015-07-01,20,424.791,16142,9940.894
2015-08-01,20,460.252,17489,5594.905
2015-09-01,20,441.973,16794,4115.8613
2015-10-01,20,527.864,20058,3470.0757
2015-11-01,20,609.836,23173,9007.983
2015-12-01,20,651.993,24775,4638.0166
2016-01-01,20,908.030,34505,3085.0608
2016-02-01,20,722.151,27441,4361.6514
2016-03-01,20,713.942,27129,9131.476
2016-04-01,20,549.187,20869,5827.2363
2016-05-01,20,472.978,17973,7645.7383
2016-06-01,20,463.278,17604,5679.775
2016-07-01,20,443.251,16843,8304.056
2016-08-01,20,480.254,18249,8151.935
2016-09-01,20,461.180,17524,8023.2163
2016-10-01,20,550.804,20930,6551.7373
2016-11-01,20,636.338,24180,7547.0127
2016-12-01,20,680.327,25852,5611.695
2017-01-01,20,863.420,32809,9712.538
2017-02-01,20,686.673,26093,7864.26
2017-03-01,20,678.868,25796,8226.681
2017-04-01,20,522.207,19843,8356.86
2017-05-01,20,449.742,17090,3358.9138
2017-06-01,20,440.518,16739,3450.413
2017-07-01,20,421.475,16016,4503.383
2017-08-01,20,456.660,17353,6938.235
2017-09-01,20,438.523,16663,3510.0188
2017-10-01,20,523.744,19902,9792.401
2017-11-01,20,605.076,22992,7569.097
2017-12-01,20,646.904,24582,9490.84
2018-01-01,20,893.965,33970,3653.7087
2018-02-01,20,710.965,27016,9334.183
2018-03-01,20,702.883,26709,7086.8906
2018-04-01,20,540.680,20545,7644.441
2018-05-01,20,465.652,17694,3070.8909
2018-06-01,20,456.102,17331,6200.0273
2018-07-01,20,436.385,16582,6470.7705
2018-08-01,20,472.815,17966,6140.0425
2018-09-01,20,454.036,17253,4118.274
2018-10-01,20,542.272,20606,6536.039
2018-11-01,20,626.481,23806,8338.93
2018-12-01,20,669.789,25451,5536.857
2019-01-01,20,859.178,32648,8609.423
2019-02-01,20,683.299,25965,3831.2803
2019-03-01,20,675.532,25670,5636.4453
2019-04-01,20,519.641,19746,9018.258
2019-05-01,20,447.532,17006,5985.0044
2019-06-01,20,438.353,16657,6433.5737
2019-07-01,20,419.404,15937,8555.331
2019-08-01,20,454.416,17267,5147.9956
2019-09-01,20,436.368,16581,9954.318
2019-10-01,20,521.171,19804,7052.1797
2019-11-01,20,602.103,22879,5480.432
2019-12-01,20,643.726,24461,4489.506
2015-01-01,25,837.078,31808,7250.1875
2015-02-01,25,665.724,25297,3335.4531
2015-03-01,25,658.156,25009,7758.9824
2015-04-01,25,506.275,19238,5281.3745
2015-05-01,25,436.021,16568,9067.954
2015-06-01,25,427.078,16228,6626.2344
2015-07-01,25,408.616,15527,4129.721
2015-08-01,25,442.728,16823,8861.085
2015-09-01,25,425.144,16155,3656.8372
2015-10-01,25,507.765,19295,3731.1238
2015-11-01,25,586.616,22291,4154.331
2015-12-01,25,627.168,23832,3246.9192
2016-01-01,25,871.355,33111,9398.078
2016-02-01,25,692.983,26333,7991.9434
2016-03-01,25,685.106,26034,8969.51
2016-04-01,25,527.005,20026,9224.417
2016-05-01,25,453.875,17247,4539.2817
2016-06-01,25,444.566,16893,7118.576
2016-07-01,25,425.348,16163,7122.345
2016-08-01,25,460.856,17512,4439.081
2016-09-01,25,442.553,16816,5558.0654
2016-10-01,25,528.557,20085,4132.037
2016-11-01,25,610.636,23204,8164.75
2016-12-01,25,652.849,24808,4371.02
2017-01-01,25,826.520,31407,6900.5996
2017-02-01,25,657.327,24978,5375.017
2017-03-01,25,649.855,24694,5064.536
2017-04-01,25,499.889,18995,6660.0093
2017-05-01,25,430.521,16359,8581.811
2017-06-01,25,421.691,16024,9874.294
2017-07-01,25,403.462,15331,4341.301
2017-08-01,25,437.143,16611,4060.9678
2017-09-01,25,419.782,15951,5844.0034
2017-10-01,25,501.361,19051,6385.2974
2017-11-01,25,579.217,22010,5154.639
2017-12-01,25,619.257,23531,7340.123
2018-01-01,25,853.630,32437,3749.365
2018-02-01,25,678.887,25797,3213.782
2018-03-01,25,671.170,25504,4360.2754
2018-04-01,25,516.285,19618,7671.161
2018-05-01,25,444.642,16896,9229.252
2018-06-01,25,435.523,16549,5392.9277
2018-07-01,25,416.696,15834,4806.5356
2018-08-01,25,451.482,17156,6558.4272
2018-09-01,25,433.551,16474,5729.4106
2018-10-01,25,517.805,19676,5996.3706
2018-11-01,25,598.215,22732,7869.1924
2018-12-01,25,639.569,24303,6000.773
2019-01-01,25,818.336,31096,5175.2026
2019-02-01,25,650.818,24731,4288.541
2019-03-01,25,643.420,24449,8417.0205
2019-04-01,25,494.939,18807,8514.917
2019-05-01,25,426.258,16197,6534.6543
2019-06-01,25,417.516,15865,6053.346
2019-07-01,25,399.467,15179,4063.5093
2019-08-01,25,432.815,16446,9761.199
2019-09-01,25,415.625,15793,7779.578
2019-10-01,25,496.396,18863,5800.631
2019-11-01,25,573.482,21792,8692.004
2019-12-01,25,613.126,23298,4857.4116
2015-01-01,8,608.623,23127,5536.2476
2015-02-01,8,484.034,18393,5626.99
2015-03-01,8,478.532,18184,8842.138
2015-04-01,8,368.102,13987,5027.8623
2015-05-01,8,317.022,12046,7177.0586
2015-06-01,8,310.520,11799,9303.423
2015-07-01,8,297.097,11289,7614.742
2015-08-01,8,321.898,12232,9015.165
2015-09-01,8,309.114,11746,4533.32
2015-10-01,8,369.186,14029,6676.9487
2015-11-01,8,426.517,16207,8290.536
2015-12-01,8,456.001,17328,3681.2104
2016-01-01,8,638.470,24261,8806.782
2016-02-01,8,507.771,19295,8706.71
2016-03-01,8,501.999,19075,6864.6885
2016-04-01,8,386.154,14673,9441.593
2016-05-01,8,332.569,12637,6623.7197
2016-06-01,8,325.748,12378,4407.2485
2016-07-01,8,311.666,11843,5174.9746
2016-08-01,8,337.684,12831,8614.263
2016-09-01,8,324.273,12322,5510.349
2016-10-01,8,387.291,14717,8642.507
2016-11-01,8,447.433,17002,4245.5635
2016-12-01,8,478.363,18177,5418.464
2017-01-01,8,610.381,23194,3372.061
2017-02-01,8,485.432,18446,6103.799
2017-03-01,8,479.914,18236,9881.555
2017-04-01,8,369.165,14028,9234.031
2017-05-01,8,317.937,12081,7831.431
2017-06-01,8,311.417,11833,6913.356
2017-07-01,8,297.955,11322,6431.2344
2017-08-01,8,322.828,12267,3823.8967
2017-09-01,8,310.007,11780,6521.16
2017-10-01,8,370.252,14069,3122.219
2017-11-01,8,427.748,16254,7983.5947
2017-12-01,8,457.318,17378,5534.1787
2018-01-01,8,635.417,24145,7638.0664
2018-02-01,8,505.343,19203,4917.145
2018-03-01,8,499.599,18984,7087.998
2018-04-01,8,384.308,14603,4016.5063
2018-05-01,8,330.978,12577,7242.9683
2018-06-01,8,324.190,12319,7615.844
2018-07-01,8,310.176,11786,8370.962
2018-08-01,8,336.070,12770,4766.24
2018-09-01,8,322.722,12263,3938.7444
2018-10-01,8,385.439,14646,4513.259
2018-11-01,8,445.294,16921,7181.861
2018-12-01,8,476.076,18090,6738.044
2019-01-01,8,614.049,23333,6675.0825
2019-02-01,8,488.350,18557,8343.745
2019-03-01,8,482.798,18346,4624.948
2019-04-01,8,371.384,14112,6486.7656
2019-05-01,8,319.848,12154,4513.373
2019-06-01,8,313.288,11904,7544.9253
2019-07-01,8,299.745,11390,9029.411
2019-08-01,8,324.768,12341,7686.8755
2019-09-01,8,311.870,11851,4238.938
2019-10-01,8,372.477,14154,9648.608
2019-11-01,8,430.319,16352,6072.2866
2019-12-01,8,460.067,17482,7507.721
2015-01-01,11,705.820,26821,9730.217
2015-02-01,11,561.335,21330,7982.596
2015-03-01,11,554.954,21088,8400.876
2015-04-01,11,426.888,16221,8164.641
2015-05-01,11,367.650,13970,6985.771
2015-06-01,11,360.110,13684,4444.325
2015-07-01,11,344.543,13092,9701.898
2015-08-01,11,373.306,14185,4027.4924
2015-09-01,11,358.479,13622,7669.9053
2015-10-01,11,428.145,16269,3403.2
2015-11-01,11,494.632,18796,3733.9558
2015-12-01,11,528.825,20095,6948.4365
2016-01-01,11,732.751,27844,5966.44
2016-02-01,11,582.753,22144,6803.1226
2016-03-01,11,576.128,21892,9877.963
2016-04-01,11,443.176,16840,4969.832
2016-05-01,11,381.678,14503,4427.5986
2016-06-01,11,373.850,14206,5270.1157
2016-07-01,11,357.689,13592,8267.035
2016-08-01,11,387.549,14726,9290.869
2016-09-01,11,372.157,14141,7371.2163
2016-10-01,11,444.481,16890,5482.092
2016-11-01,11,513.504,19513,4532.9155
2016-12-01,11,549.002,20862,9308.104
2017-01-01,11,693.142,26339,3214.416
2017-02-01,11,551.252,20947,8228.715
2017-03-01,11,544.986,20709,3650.3555
2017-04-01,11,419.221,15930,6700.3184
2017-05-01,11,361.047,13719,4935.618
2017-06-01,11,353.642,13438,9478.951
2017-07-01,11,338.355,12857,7273.9473
2017-08-01,11,366.600,13930,6902.156
2017-09-01,11,352.040,13377,8629.207
2017-10-01,11,420.455,15977,6382.3057
2017-11-01,11,485.747,18458,6343.749
2017-12-01,11,519.326,19734,8903.761
2018-01-01,11,713.871,27127,5858.393
2018-02-01,11,567.737,21574,8456.886
2018-03-01,11,561.284,21328,6586.62
2018-04-01,11,431.757,16406,8125.1733
2018-05-01,11,371.844,14130,8221.767
2018-06-01,11,364.217,13840,6263.3325
2018-07-01,11,348.473,13241,6859.53
2018-08-01,11,377.563,14347,8144.49
2018-09-01,11,362.568,13777,7227.7437
2018-10-01,11,433.028,16455,8628.314
2018-11-01,11,500.273,19010,4069.1802
2018-12-01,11,534.856,20324,4307.8545
2019-01-01,11,682.393,25930,4218.5903
2019-02-01,11,542.703,20622,8964.667
2019-03-01,11,536.534,20388,5659.127
2019-04-01,11,412.719,15683,9717.079
2019-05-01,11,355.447,13507,3701.8813
2019-06-01,11,348.157,13229,5437.421
2019-07-01,11,333.107,12658,6381.163
2019-08-01,11,360.915,13714,7777.25
2019-09-01,11,346.581,13170,9032.257
2019-10-01,11,413.934,15729,5645.844
2019-11-01,11,478.214,18172,7262.0645
2019-12-01,11,511.272,19428,5391.9336
2015-01-01,22,1697.315,64497,3940.01
2015-02-01,22,1349.865,51294,8131.2983
2015-03-01,22,1334.521,50711,8339.893
2015-04-01,22,1026.556,39009,7017.6123
2015-05-01,22,884.104,33595,3925.5332
2015-06-01,22,865.972,32906,4379.0737
2015-07-01,22,828.537,31484,3875.871
2015-08-01,22,897.703,34112,6131.777
2015-09-01,22,862.050,32757,7029.832
2015-10-01,22,1029.578,39123,9059.546
2015-11-01,22,1189.461,45199,6348.454
2015-12-01,22,1271.687,48324,3230.5996
2016-01-01,22,1780.221,67648,8951.304
2016-02-01,22,1415.800,53800,3049.8823
2016-03-01,22,1399.706,53188,9605.523
2016-04-01,22,1076.698,40914,7252.406
2016-05-01,22,927.288,35236,3907.666
2016-06-01,22,908.270,34514,9292.166
2016-07-01,22,869.007,33022,6088.7534
2016-08-01,22,941.552,35778,9322.173
2016-09-01,22,904.157,34357,8039.4023
2016-10-01,22,1079.868,41034,6777.227
2016-11-01,22,1247.560,47407,5051.01
2016-12-01,22,1333.803,50684,5930.067
2017-01-01,22,1701.585,64660,7517.2764
2017-02-01,22,1353.261,51423,3895.5994
2017-03-01,22,1337.878,50839,4163.234
2017-04-01,22,1029.139,39107,6093.5396
2017-05-01,22,886.328,33680,6851.4595
2017-06-01,22,868.150,32989,8067.92
2017-07-01,22,830.622,31563,3851.6077
2017-08-01,22,899.962,34198,3707.798
2017-09-01,22,864.219,32840,5203.501
2017-10-01,22,1032.168,39222,6956.7544
2017-11-01,22,1192.453,45313,9118.866
2017-12-01,22,1274.886,48445,6163.472
2018-01-01,22,1771.049,67299,5774.841
2018-02-01,22,1408.505,53523,3670.2097
2018-03-01,22,1392.495,52914,6485.4775
2018-04-01,22,1071.151,40703,5403.0713
2018-05-01,22,922.511,35055,8586.779
2018-06-01,22,903.591,34336,9194.855
2018-07-01,22,864.530,32852,8036.9873
2018-08-01,22,936.701,35594,6899.3667
2018-09-01,22,899.499,34180,8176.7793
2018-10-01,22,1074.305,40823,4841.369
2018-11-01,22,1241.133,47163,7383.1533
2018-12-01,22,1326.931,50423,6569.0884
2019-01-01,22,1711.171,65024,6914.668
2019-02-01,22,1360.885,51713,7750.973
2019-03-01,22,1345.415,51125,3622.5994
2019-04-01,22,1034.936,39327,7384.3613
2019-05-01,22,891.322,33870,3789.802
2019-06-01,22,873.041,33175,6494.1235
2019-07-01,22,835.301,31741,6163.537
2019-08-01,22,905.032,34391,5412.0713
2019-09-01,22,869.088,33025,9636.4375
2019-10-01,22,1037.983,39443,4495.067
2019-11-01,22,1199.171,45568,3476.7024
2019-12-01,22,1282.068,48718,7197.8804
